ID,Version,Status,Caption,Alt Text,Pinned Comment,Story Before,Story After,Hashtags,Last Update
FOUNDATION-001,PUB-V1,APPROVED,"🧪 كيف نفهم العدد الذري؟

لكل عنصر عدد ذري خاص به يميزه عن العناصر الأخرى.

العدد الذري يساوي عدد البروتونات الموجودة في نواة العنصر.

وفي الذرة المتعادلة فقط يساوي عدد الإلكترونات عدد البروتونات.

لذلك إذا كان العدد الذري للصوديوم Na = 11:

عدد البروتونات = 11

وفي الذرة المتعادلة: عدد الإلكترونات = 11

✨ الخلاصة:
اعرف عدد البروتونات تعرف العدد الذري.

احفظ المنشور للرجوع إليه أثناء المراجعة، وشاركه مع زميل يحتاج تثبيت الأساسيات قبل البناء الإلكتروني.

#شغف_الكيمياء #كيمياء #توجيهي",كاروسيل تعليمي من شغف الكيمياء بعنوان «كيف نفهم العدد الذري؟». يوضح أن العدد الذري يساوي عدد البروتونات الموجودة في نواة العنصر، وأنه في الذرة المتعادلة فقط يساوي أيضًا عدد الإلكترونات. ويعرض مثال الصوديوم Na ذي العدد الذري 11.,"🧠 اختبار سريع:

إذا كان العدد الذري للصوديوم 11:

كم عدد البروتونات؟

وكم عدد الإلكترونات إذا كانت الذرة متعادلة؟

اكتب إجابتك 👇",,,#شغف_الكيمياء #كيمياء #توجيهي,2026-09-02
